{
    "loss": 0.23801276087760925,
    "accuracy": 0.9568345546722412
}