{
    "loss": 1.4261012077331543,
    "accuracy": 0.8345323801040649
}